type,fund,expense_ratio
AA1,兆豐國際第一基金,3.97%
AA1,兆豐國際國民基金,3.51%
AA2,兆豐國際全球基金,2.32%
AB1,兆豐國際萬全基金,2.44%
AA1,兆豐國際電子基金,3.04%
AD1,兆豐國際寶鑽貨幣市場基金,0.17%
AA2,兆豐國際生命科學基金,2.09%
AA1,兆豐國際豐台灣基金,4.57%
AD2,兆豐國際人民幣貨幣市場基金,0.53%
AA2,兆豐國際中國A股基金,2.59%
AD2,兆豐國際美元貨幣市場基金,0.27%
AH11,兆豐國際臺灣藍籌30ETF基金,0.64%
AI2,兆豐國際丹麥資產擔保債券指數基金,2.24%
,(基金之配息來源可能為本金),
AA2,兆豐國際中國內需A股基金,2.73%
AC21,兆豐國際六年到期新興市場債券基金,1.20%
,(本基金有相當比重投資於非投資等級之高風險債券且基金之配息來源可能為本金),
AA1,兆豐國際台灣先進通訊基金,5.23%
AC23,兆豐國際新興市場短期高收益債券基金,1.86%
,(本基金主要投資於非投資等級之高風險債券且配息來源可能為本金),
AA1,兆豐台灣金傳精選股息基金,0.59%
AD1,第一金全家福貨幣市場基金,0.13%
AD1,第一金台灣貨幣市場基金,0.09%
AA1,第一金店頭市場基金,2.63%
AA1,第一金小型精選基金,2.83%
AA1,第一金電子基金,2.37%
AA2,第一金亞洲科技基金,2.15%
AB1,第一金中概平衡基金,2.55%
AG,第一金全球不動產證券化基金,2.16%
,(本基金之配息來源可能為本金),
AA2,第一金全球大趨勢基金,2.21%
AC23,第一金全球高收益債券基金,1.68%
,(本基金主要係投資於非投資等級之高風險債券且配息來源可能為本金),
AA2,第一金中國世紀基金,2.28%
AA2,第一金亞洲新興市場基金,2.38%
AA1,第一金創新趨勢基金,2.14%
AD2,第一金人民幣貨幣市場基金,0.57%
AA2,第一金全球AI機器人及自動化產業基金,2.33%
AA2,第一金全球AI FinTech金融科技基金,2.44%
AE23,第一金全球大四喜收益組合基金,1.64%
,(本基金得投資於非投資等級之高風險債券基金且本基金之配息來源可能為本金),
AA2,第一金全球水電瓦斯及基礎建設收益基金,2.27%
,(本基金之配息來源可能為本金),
AH11,第一金臺灣工業菁英30 ETF基金,0.88%
AA2,第一金全球AI精準醫療基金,2.50%
AA2,第一金全球AI人工智慧基金,2.49%
AH22,第一金彭博巴克萊美國10年期以上金融債券指數ETF基金,0.46%
AC21,第一金美國100大企業債券基金,1.39%
,(本基金有一定比重得投資於非投資等級之高風險債券且配息來源可能為本金),
AC21,第一金全球富裕國家債券基金,1.46%
,(本基金有一定比重得投資於非投資等級之高風險債券且配息來源可能為本金),
AC21,第一金四年到期新興市場投資級債券基金,1.72%
,(本基金有相當比重得投資於非投資等級之高風險債券且配息來源可能為本金),
AA2,第一金全球Fitness健康瘦身基金,2.32%
AA2,第一金全球Pet毛小孩基金,2.25%
AA2,第一金全球eSports電競基金,2.16%
AC21,第一金四至六年機動到期全球富裕國家投資級債券基金,3.30%
,(本基金有一定比重得投資於非投資等級之高風險債券且配息來源可能為本金),
AB1,匯豐安富基金,1.60%
AA1,匯豐成功基金,1.26%
AA1,匯豐龍鳳基金,1.53%
AA1,匯豐龍騰電子基金,1.63%
AA1,匯豐台灣精典基金,1.86%
AA2,匯豐金磚動力基金,2.65%
AA2,匯豐新鑽動力基金,2.61%
AE21,匯豐全球趨勢組合基金,1.41%
AA2,匯豐全球關鍵資源基金,2.55%
AA2,匯豐中國動力基金,2.51%
AE22,匯豐雙高收益債券組合基金,1.32%
,(本基金有相當比重投資於高風險非投資等級債券基金),
AA2,匯豐黃金及礦業股票型基金,2.94%
AC21,匯豐資源豐富國家債券基金,1.47%
,(本基金有一定比重投資於非投資等級之高風險債券且配息來源可能為本金),
AC23,匯豐亞洲高收益債券基金,1.75%
,(本基金主要係投資於非投資等級之高風險債券且配息來源可能為本金),
AC23,匯豐中國高收益債券基金,1.35%
,(本基金主要係投資於非投資等級之高風險債券且配息來源可能為本金),
AA2,匯豐中國A股匯聚基金,3.23%
AB2,匯豐中國多元資產入息平衡基金,2.55%
,(本基金有相當比重投資於非投資等級之高風險債券且本基金配息來源可能為本金),
AA2,匯豐中國科技精選基金,2.71%
AC21,匯豐三至四年目標到期新興亞洲債券基金,1.14%
,(本基金有一定比重投資於非投資等級之高風險債券且配息來源可能為本金),
AE23,匯豐ESG永續多元資產組合基金,0.32%
,(本基金有相當比重投資於非投資等級之高風險債券基金且本基金配息來源可能為本金及收益平準金),
AA1,元大2001基金,3.27%
AA1,元大多福基金,2.57%
AA1,元大多多基金,2.87%
AD1,元大得利貨幣市場基金,0.10%
AA1,元大卓越基金,3.07%
AA1,元大店頭基金,2.99%
AD1,元大萬泰貨幣市場基金,0.11%
AA1,元大高科技基金,2.61%
AA1,元大經貿基金,3.34%
AA1,元大新主流基金,2.61%
AD1,元大得寶貨幣市場基金,0.11%
AH11,元大台灣卓越50基金,0.46%
AI1,元大台灣加權股價指數基金,0.91%
AE23,元大全球ETF穩健組合基金,1.22%
AG,元大全球不動產證券化基金,2.37%
,(基金之配息來源可能為本金),
AA2,元大亞太成長基金,2.68%
AE21,元大全球新興市場精選組合基金,1.37%
AH11,元大台灣中型100基金,0.79%
AE21,元大全球ETF成長組合基金,1.56%
AG,元大全球地產建設入息基金,2.26%
,(基金之配息來源可能為本金),
AH11,元大台灣金融基金,0.58%
AH11,元大台商收成基金,1.23%
AH11,元大台灣電子科技基金,0.61%
AA2,元大全球公用能源效率基金,2.25%
,(基金之配息來源可能為本金),
AH11,元大台灣高股息基金,0.74%
AA2,元大全球農業商機基金,2.32%
AA2,元大新中國基金,2.42%
AI2,元大大中華價值指數基金,1.51%
AH21,元大標智滬深300基金,0.44%
AA2,元大印度基金,2.64%
AA2,元大新興亞洲基金,2.77%
AI2,元大印尼指數基金,1.70%
AI2,元大巴西指數基金,1.76%
AA2,元大華夏中小基金,2.34%
AH11,元大富櫃50基金,0.93%
AH11,元大摩臺基金,0.45%
AB2,元大中國平衡基金,2.11%
,(本基金有相當比重得投資於非投資等級之高風險債券),
AH21,元大上證50基金,1.36%
AI2,元大亞太政府公債指數基金,1.11%
AD2,元大人民幣貨幣市場基金,0.43%
AH13,元大台灣50單日正向2倍基金,1.27%
,(本基金為策略交易型產品且投資具有槓桿操作風險，故本基金不適合長期持有，僅符合臺灣證券交易所訂適格條件之投資人始得交易),
AH13,元大台灣50單日反向1倍基金,1.17%
,(本基金為策略交易型產品且投資具有反向操作風險，故本基金不適合長期持有，僅符合臺灣證券交易所訂適格條件之投資人始得交易),
AA2,元大大中華TMT基金,2.76%
AH23,元大滬深300單日反向1倍基金,1.79%
,(本基金為策略交易型產品且投資具有反向操作風險，故本基金不適合長期持有，僅符合臺灣證券交易所訂適格條件之投資人始得交易),
AH23,元大滬深300單日正向2倍基金,1.88%
,(本基金為策略交易型產品且投資具有槓桿操作風險，故本基金不適合長期持有，僅符合臺灣證券交易所訂適格條件之投資人始得交易),
AA2,元大全球股票入息基金,2.56%
,(基金之配息來源可能為本金),
AC21,元大新興印尼機會債券基金,1.27%
,(本基金有相當比重投資於非投資等級之高風險債券且基金之配息來源可能為本金),
AH23,元大標普500單日反向1倍基金,1.27%
,(本基金為策略交易型產品且投資具有反向操作風險，故本基金不適合長期持有，僅符合臺灣證券交易所訂適格條件之投資人始得交易),
AH23,元大標普500單日正向2倍基金,1.48%
,(本基金為策略交易型產品且投資具有槓桿操作風險，故本基金不適合長期持有，僅符合臺灣證券交易所訂適格條件之投資人始得交易),
AH21,元大標普500基金,0.61%
AD2,元大美元貨幣市場基金,0.24%
AH21,元大日經225基金,0.91%
AH21,元大歐洲50基金,1.04%
AB2,元大新東協平衡基金,2.35%
,(本基金有相當比重投資於非投資等級之高風險債券),
AH24,元大美國政府20年期(以上)債券單日正向2倍基金,1.29%
,(本基金為策略交易型產品且投資具有槓桿操作風險，故本子基金不適合長期持有，僅符合臺灣證券交易所訂定之適格條件之投資人始得交易),
AH22,元大美國政府20年期(以上)債券基金,0.28%
AH24,元大美國政府20年期(以上)債券單日反向1倍基金,0.99%
,(本基金為策略交易型產品且投資具有反向操作風險，故本子基金不適合長期持有，僅符合臺灣證券交易所訂定之適格條件之投資人始得交易),
AH22,元大美國政府7至10年期債券基金,0.67%
AH11,元大台灣高股息低波動ETF基金,1.11%
AI2,元大亞太優質高股息100指數基金,1.88%
,(基金之收益分配由經理公司得依收益之情況自行決定當季配息型受益權單位配息與否及分配之金額，故每季分配之金額並非一定相同),
AH22,元大20年期以上BBB級美元公司債券ETF基金,0.46%
AH22,元大中國國債及政策性金融債3至5年期債券ETF基金,0.46%
AH22,元大美國政府1至3年期債券ETF基金,0.17%
AJ2,元大實質多重資產基金,2.13%
,(本基金有相當比重投資於非投資等級之高風險債券),
AH21,元大MSCI中國A股國際通ETF基金,1.01%
AH22,元大20年期以上AAA至A級美元公司債券ETF基金,0.26%
AH21,元大全球人工智慧ETF基金,1.40%
AH22,元大10年期以上美元投資級銀行債券ETF基金,0.59%
AH22,元大10年期以上美元投資級醫療保健債券ETF基金,0.63%
AH22,元大10年期以上美元投資級公共事業電能債券ETF基金,0.54%
AH21,元大標普美國高息特別股ETF基金,0.90%
AK1,元大台灣高股息ETF連結基金,0.13%
AK1,元大台灣卓越50ETF連結基金,0.14%
AK1,元大富櫃50ETF連結基金,0.30%
AH11,元大臺灣ESG永續ETF基金,0.46%
AH21,元大全球未來通訊ETF基金,1.28%
AH22,元大15年期以上新興市場主權債ETF基金,0.32%
,(本基金有一定比重投資於非投資等級之高風險債券),
AA1,元大台灣高股息優質龍頭基金,1.43%
,(本基金之配息來源可能為收益平準金),
AH21,元大全球未來關鍵科技ETF基金,1.32%
AA1,景順潛力基金,1.94%
AD1,景順貨幣市場基金,0.15%
AA2,景順全球科技基金,2.02%
AA1,景順台灣科技基金,1.91%
AA1,景順主流基金,1.91%
AA2,景順全球康健基金,2.00%
AE23,景順全天候智慧組合基金,1.56%
,(本基金之配息來源可能為本金),
AC21,景順2023目標到期新興主權債券基金,1.12%
,(本基金有相當比重投資於非投資等級之高風險債券，且基金之配息來源可能為本金),
AC21,景順2024到期新興市場債券基金,1.12%
,(本基金有相當比重投資於非投資等級之高風險債券，且基金之配息來源可能為本金),
AC21,景順2024到期新興市場主權債券基金,0.72%
,(本基金有相當比重投資於非投資等級之高風險債券),
AC21,景順2024到期優選新興債券基金,1.12%
,(本基金有相當比重投資於非投資等級之高風險債券，且基金之配息來源可能為本金),
AC21,景順2024到期精選新興債券基金,0.72%
,(本基金有相當比重投資於非投資等級之高風險債券),
AC21,景順2028到期精選新興債券基金,0.96%
,(本基金有相當比重投資於非投資等級之高風險債券，且基金之配息來源可能為本金),
AC21,景順2025到期優選新興債券基金,0.72%
,(本基金有相當比重投資於非投資等級之高風險債券，且基金之配息來源可能為本金),
AC21,景順2025階梯到期優選新興債券基金,0.72%
,(本基金有相當比重投資於非投資等級之高風險債券，且基金之配息來源可能為本金),
AC21,景順2029到期精選新興債券基金,0.94%
,(本基金有相當比重投資於非投資等級之高風險債券，且基金之配息來源可能為本金),
AC21,景順2025到期精選新興債券基金,0.71%
,(本基金有相當比重投資於非投資等級之高風險債券),
AC21,景順2023到期優質新興債券基金,0.32%
,(本基金有相當比重投資於非投資等級之高風險債券),
AC21,景順六年到期特選全球債券基金,1.12%
,(本基金有一定比重投資於非投資等級之高風險債券，且基金之配息來源可能為本金),
AC21,景順十年到期特選新興債券基金,0.95%
,(本基金有相當比重投資於非投資等級之高風險債券，且基金之配息來源可能為本金),
AC21,景順六年到期特選新興債券基金,0.72%
,(本基金有相當比重投資於非投資等級之高風險債券),
AC21,景順2026到期全球新興債券基金,0.82%
,(本基金有相當比重投資於非投資等級之高風險債券且基金之配息來源可能為本金),
AC21,景順六年階梯到期精選新興債券基金,0.83%
,(本基金有相當比重投資於非投資等級之高風險債券),
AC23,景順全球優選短期高收益債券基金,1.94%
,(本基金主要係投資於非投資等級之高風險債券且基金之配息來源可能為本金),
AE23,景順2030優享樂活退休組合基金,1.74%
,(本基金有相當比重得投資於非投資等級之高風險債券基金且基金之配息來源可能為本金),
AC21,景順三至六年機動到期優選新興債券基金,0.80%
,(本基金有相當比重投資於非投資等級之高風險債券且配息來源可能為本金),
AE23,景順2031年樂活資產豐益組合基金,0.07%
AA1,瀚亞高科技基金,2.85%
AA1,瀚亞外銷基金,3.15%
AA1,瀚亞菁華基金,4.51%
AA1,瀚亞中小型股基金,3.40%
AD1,瀚亞威寶貨幣市場基金,0.10%
AA2,瀚亞歐洲基金,2.21%
AB1,瀚亞理財通基金,1.55%
AA2,瀚亞美國高科技基金,2.26%
AE23,瀚亞股債入息組合基金,1.23%
,(本基金有相當比重投資於非投資等級之高風險債券且配息來源可能為本金),
AA2,瀚亞印度基金,2.03%
AA2,瀚亞亞太高股息基金,2.42%
,(本基金配息來源可能為本金),
AE22,瀚亞精選傘型基金之債券精選組合基金,1.15%
,(本基金有相當比重投資於非投資等級之高風險債券且配息來源可能為本金),
AG,瀚亞亞太不動產證券化基金,2.18%
,(本基金之配息來源可能為本金),
AA2,瀚亞亞太基礎建設基金,2.13%
AA2,瀚亞非洲基金,2.56%
,(本基金之配息來源可能為本金),
AA2,瀚亞巴西基金,2.42%
AC23,瀚亞全球高收益債券基金,1.65%
,(本基金主要係投資於非投資等級之高風險債券且配息來源可能為本金),
AA2,瀚亞中國A股基金,4.25%
AC21,瀚亞新興南非蘭特債券基金,1.85%
,(本基金有相當比重投資於非投資等級之高風險債券且配息來源可能為本金),
AB2,瀚亞亞太豐收平衡基金,1.97%
,(本基金有相當比重投資於非投資等級之高風險債券且配息來源可能為本金),
AB2,瀚亞策略印度傘型基金之印度策略收益平衡基金,2.12%
,(本子基金有相當比重投資於非投資等級之高風險債券且配息來源可能為本金),
AC21,瀚亞策略印度傘型基金之印度策略收益債券基金,1.89%
,(本子基金有相當比重投資於非投資等級之高風險債券且配息來源可能為本金),
AC21,瀚亞印度政府基礎建設債券基金,2.01%
,(本基金有相當比重投資於非投資等級之高風險債券且配息來源可能為本金),
AE23,瀚亞多重收益優化組合基金,1.68%
,(本基金得投資於非投資等級之高風險債券基金且配息來源可能為本金),
AC21,瀚亞三至六年目標到期新興市場債券基金,0.62%
,(本基金有相當比重投資於非投資等級之高風險債券),
AC21,瀚亞目標到期傘型基金之三至六年目標到期分配收益全球新興市場債券基金,0.63%
,(本子基金有相當比重投資於非投資等級之高風險債券且配息來源可能為本金),
AC21,瀚亞目標到期傘型基金之三至六年目標到期累積收益全球新興市場債券基金,0.62%
,(本子基金有相當比重投資於非投資等級之高風險債券),
AC21,瀚亞2026年目標到期新興市場債券基金,1.19%
,(本基金有相當比重投資於非投資等級之高風險債券且配息來源可能為本金),
AF,瀚亞2026 收益優化傘型基金之南非幣保本基金,0.11%
,(保護型保本基金，保本比率為本金之 120％，但投資人於基金到期日前提出買回申請，到期前之買回淨值不保證會高於基金保本率或發行價格),
AF,瀚亞2026收益優化傘型基金之美元保本基金,0.11%
,(保護 型保本基金，保本比率為本金之 100％，但投資人於基金到期日前提出買回申請，到期前之買回淨值不保證會高於基金保本率或發行價格),
AJ2,瀚亞2030目標日期收益優化多重資產基金,1.38%
,(本基金配息來源可能為本金),
AC21,瀚亞三至六年到期新興市場收益機會債券基金,3.31%
,(本基金有相當比重投資於非投資等級之高風險債券且配息來源可能為本金),
AJ2,瀚亞2031目標日期收益成長多重資產基金,1.34%
,(本基金配息來源可能為本金),
AA1,PGIM保德信高成長基金,1.90%
AA1,PGIM保德信金滿意基金,2.66%
AA2,PGIM保德信亞太基金,2.27%
AD1,PGIM保德信貨幣市場基金,0.10%
AA1,PGIM保德信店頭市場基金,2.39%
AC12,PGIM保德信瑞騰基金,0.40%
AA1,PGIM保德信科技島基金,2.49%
AA2,PGIM保德信大中華基金,2.37%
AA1,PGIM保德信中小型股基金,2.55%
AA1,PGIM保德信新世紀基金,2.46%
AB1,PGIM保德信金平衡基金,1.85%
AA2,PGIM保德信全球醫療生化基金,2.22%
AA2,PGIM保德信全球中小基金,2.42%
AE23,PGIM保德信新興趨勢組合基金,1.43%
AA2,PGIM保德信全球資源基金,2.33%
AA2,PGIM保德信全球基礎建設基金,2.26%
AA2,PGIM保德信全球消費商機基金,2.35%
AA2,PGIM保德信拉丁美洲基金,2.50%
AA2,PGIM保德信中國品牌基金,2.72%
AE22,PGIM保德信好時債組合基金,1.75%
,(本基金之子基金主要係投資於非投資等級之高風險債券且基金之配息來源可能為本金),
AC21,PGIM保德信新興市場企業債券基金,1.79%
,(本基金有相當比重投資於非投資等級之高風險債券且基金之配息來源可能為本金),
AA2,PGIM保德信中國中小基金,3.01%
AB2,PGIM保德信中國好時平衡基金,2.05%
,(本基金有相當比重投資於非投資等級之高風險債券且基金之配息來源可能為本金),
AE23,PGIM保德信多元收益組合基金,1.84%
,(本基金之配息來源可能為本金),
AE24,PGIM保德信策略成長ETF組合基金,1.51%
AC21,PGIM保德信印度機會債券基金,1.85%
,(本基金有相當比重投資於非投資等級之高風險債券且基金之配息來源可能為本金),
AC21,PGIM保德信美國投資級企業債券基金,1.37%
,(本基金有一定比重得投資於非投資等級之高風險債券且基金之配息來源可能為本金),
AC21,PGIM保德信四年到期新興市場基礎建設債券基金,2.41%
,(本基金有相當比重投資於非投資等級之高風險債券且基金之配息來源可能為本金),
AC23,PGIM保德信美元高收益債券基金,1.12%
,(本基金主要投資於非投資等級之高風險債券且基金之配息來源可能為本金),
AC21,PGIM保德信四到六年機動到期新興金融基礎建設債券基金,1.20%
,(本基金有相當比重投資於非投資等級之高風險債券且基金之配息來源可能為本金),
AA1,統一統信基金,2.08%
AA1,統一全天候基金,4.07%
AA1,統一黑馬基金,4.12%
AA1,統一龍馬基金,2.97%
AD1,統一強棒貨幣市場基金,0.14%
AA1,統一中小基金,4.65%
AA1,統一經建基金,4.02%
AA1,統一奔騰基金,4.20%
AA1,統一大滿貫基金,2.65%
AA2,統一亞太基金,2.25%
AE22,統一全球債券組合基金,1.01%
,(本基金有一定比例投資高收益債券基金),
AA2,統一強漢基金,2.18%
AA1,統一台灣動力基金,4.08%
AA2,統一大龍印基金,2.48%
AA2,統一大中華中小基金,2.74%
AA2,統一新亞洲科技能源基金,2.79%
AA2,統一亞洲大金磚基金,2.48%
AC21,統一新興市場企業債券基金,2.01%
,(本基金有相當比重投資於非投資等級之高風險債券且基金配息來源可能為本金),
AA2,統一大龍騰中國基金,2.68%
AC23,統一中國高收益債券基金,1.81%
,(本基金主要係投資於非投資等級之高風險債券且基金之配息來源可能為本金),
AA2,統一全球新科技基金,2.86%
AJ2,統一全球動態多重資產基金,2.53%
,(本基金有相當比重 投資於非投資等級之高風險債券且基金之配息來源可能為本金),
AA2,統一大東協高股息基金,2.62%
AH21,統一NYSE FANG+ ETF基金,1.18%
AH22,統一彭博10年期以上Aa至A級美元優質公司債券ETF基金,0.87%
AA2,統一全球智聯網AIoT基金,2.51%
AA1,富邦基金,2.32%
AA1,富邦精準基金,3.01%
AA1,富邦長紅基金,3.41%
AD1,富邦吉祥貨幣市場基金,0.15%
AA1,富邦精銳中小基金,2.94%
AA1,富邦高成長基金,3.45%
AA1,富邦科技基金,3.75%
AA1,富邦台灣心基金,2.97%
AG,富邦全球不動產基金,2.10%
AH11,富邦台灣科技指數基金,0.57%
AA2,富邦大中華成長基金,2.98%
AH11,富邦台灣ETF傘型基金之富邦台灣摩根指數股票型基金,0.74%
AC21,富邦全球投資等級債券基金,1.07%
AH21,富邦上証180基金,1.27%
AC23,富邦策略高收益債券基金,1.92%
,(本基金主要係投資於非投資等級之高風險債券且基金之配息來源可能為本金),
AH11,富邦台灣釆吉50基金,0.35%
AC21,富邦中國債券傘型之富邦中國優質債券基金,1.28%
,(本基金有相當比重投資於非投資等級之高風險債券),
AC23,富邦中國債券傘型之富邦中國高收益債券基金,1.79%
,(本基金主要係投資於非投資等級之高風險債券且基金之配息來源可能為本金),
AD2,富邦中國貨幣市場基金,0.54%
AH23,富邦中國ETF傘型基金之富邦上証180單日正向兩倍基金,1.86%
AH23,富邦中國ETF傘型基金之富邦上証180單日反向一倍基金,1.82%
AJ2,富邦中國多重資產型基金,2.41%
,(本基金有相當比重投資於非投資等級之高風險債券且配息來源可能為本金),
AH21,富邦深証100基金,1.30%
AH23,富邦日本ETF傘型基金之富邦日本東証單日正向兩倍基金,1.34%
,(本基金採匯率避險),
AH23,富邦日本ETF傘型基金之富邦日本東証單日反向一倍基金,1.35%
,(本基金採匯率避險),
AH21,富邦日本東証基金,1.03%
,(本基金採匯率避險),
AH21,富邦印度ETF傘型基金之富邦印度NIFTY基金,2.83%
AH23,富邦印度ETF傘型基金之富邦印度NIFTY單日反向一倍基金,1.95%
AH23,富邦印度ETF傘型基金之富邦印度NIFTY單日正向兩倍基金,1.73%
AH21,富邦NASDAQ-100基金,0.81%
AH23,富邦_生國企ETF傘型基金之富邦_生國企單日反向一倍基金,1.66%
AH23,富邦_生國企ETF傘型基金之富邦_生國企單日正向兩倍基金,1.44%
AH13,富邦臺灣加權ETF傘型基金之富邦臺灣加權單日正向兩倍基金,0.86%
AH13,富邦臺灣加權ETF傘型基金之富邦臺灣加權單日反向一倍基金,0.75%
AH23,富邦NASDAQ-100 ETF傘型基金之富邦NASDAQ-100單日反向一倍基金,1.19%
,(本基金採匯率避險),
AH23,富邦NASDAQ-100 ETF傘型基金之富邦NASDAQ-100單日正向兩倍基金,1.24%
,(本基金採匯率避險),
AJ2,富邦歐亞絲路多重資產型基金,2.32%
,(本基金有相當比重投資於非投資等級之高風險債券且配息來源可能為本金),
AH11,富邦臺灣公司治理100基金,0.35%
AH22,富邦美國政府債券ETF傘型基金之富邦美國政府債券1-3年期基金,0.18%
AH22,富邦美國政府債券ETF傘型基金之富邦美國政府債券7-10年期基金,0.52%
AH22,富邦美國政府債券ETF傘型基金之富邦美國政府債券20年期以上基金,0.20%
AH21,富邦_生國企ETF基金,1.54%
AH21,富邦富時歐洲ETF基金,1.00%
AH21,富邦標普美國特別股ETF基金,0.94%
AH22,富邦中國政策金融債券ETF基金,0.46%
AH11,富邦道瓊臺灣優質高息30ETF基金,1.32%
AH11,富邦臺灣中小A級動能50ETF基金,2.43%
AH22,富邦全方位入息ETF傘型基金之富邦彭博巴克萊優選1-5年高收益債券ETF基金,0.83%
,(本基金主要係投資於非投資等級之高風險債券),
AH22,富邦全方位入息ETF傘型基金之富邦彭博巴克萊10年期(以上)BBB美元息收公司債券ETF基金,0.30%
AH22,富邦多元收益ETF傘型基金之富邦中國政策金融債券0-1年ETF基金,0.67%
AH22,富邦多元收益ETF傘型基金之富邦彭博巴克萊9-35年A級美元息收公司債券ETF基金,0.26%
AC21,富邦六年到期新興市場債券基金,0.82%
,(本基金有相當比重投資於非投資等級之高風險債券),
AJ2,富邦AI智能新趨勢多重資產型基金,2.97%
,(本基金有相當比重投資於非投資等級之高風險債券),
AH21,富邦多元收益ⅡETF傘型基金之富邦中國中証中小500ETF基金,2.11%
AH22,富邦多元收益ⅡETF傘型基金之富邦中國美元投資等級債券ETF基金,0.55%
AH22,富邦多元收益ⅡETF傘型基金之富邦全球金融業10年以上美元投等債券ETF基金,0.34%
AH22,富邦多元收益ⅢETF傘型基金之富邦彭博巴克萊歐洲區美元7-15年期銀行債ETF基金,0.48%
AH22,富邦多元收益ⅢETF傘型基金之富邦中國以外新興市場美元5年以上投資等級債券ETF基金,0.48%
AC21,富邦多元收益Ⅳ傘型基金之富邦三年到期亞洲美元債券基金,0.63%
,(本基金有一定比重投資於非投資等級之高風險債券且配息來源可能為本金),
AA1,富邦台灣永續發展高股息基金,2.81%
AH21,富邦富時越南ETF基金,1.47%
AH11,富邦台灣核心半導體ETF基金,0.58%
AH21,富邦未來車ETF基金,0.78%
AH21,富邦基因免疫生技ETF基金,0.57%
AH11,富邦特選台灣高股息30ETF基金,0.12%
AA1,摩根台灣增長基金,1.54%
AA2,摩根新興日本基金,1.80%
AA1,摩根新興科技基金,1.95%
AA2,摩根亞洲基金,2.22%
AD1,摩根第一貨幣市場基金,0.14%
AA2,摩根龍揚基金,2.24%
AA2,摩根東方科技基金,2.23%
AA2,摩根大歐洲基金,2.22%
AA1,摩根中小基金,2.12%
AB1,摩根平衡基金,1.40%
AB2,摩根全球平衡基金,1.81%
AA2,摩根全球創新成長基金,1.59%
AB2,摩根亞太高息平衡基金,1.85%
,(本基金之配息來源可能為本金),
AA2,摩根絕對日本基金,2.25%
AA2,摩根新興35基金,2.49%
AA2,摩根新絲路基金,2.59%
AA2,摩根東方內需機會基金,2.25%
AA2,摩根金龍收成基金,2.26%
AA2,摩根中國亮點基金,2.26%
AA1,摩根台灣金磚基金,2.09%
AA2,摩根新金磚五國基金,2.54%
AE22,摩根總收益組合基金,0.19%
,(本基金之配息來源可能為本金),
AC23,摩根新興市場高收益債券基金,1.65%
,(本基金主要係投資於非投資等級之高風險債券且配息來源可能為本金),
AC23,摩根亞洲總合高收益債券基金,1.76%
,(本基金主要係投資於非投資等級之高風險債券且配息來源可能為本金),
AA2,摩根中國A股基金,2.21%
AA2,摩根泛亞太股票入息基金,2.33%
,(本基金之配息來源可能為本金),
AE23,摩根多元入息成長基金,0.19%
,(本基金之配息來源可能為本金),
AB2,摩根新興雙利平衡基金,2.36%
,(本基金主要係投資於非投資等級之高風險債券且配息來源可能為本金),
AB2,摩根中國雙息平衡基金,2.00%
,(本基金有相當比重投資於非投資等級之高風險債券且配息來源可能為本金),
AA2,摩根環球股票收益基金,1.98%
,(本基金之配息來源可能為本金),
AA1,華南永昌永昌基金,3.25%
AD1,華南永昌鳳翔貨幣市場基金,0.13%
AD1,華南永昌麒麟貨幣市場基金,0.17%
AA2,華南永昌全球精品基金,2.54%
AA2,華南永昌中國A股基金,3.23%
AB2,華南永昌多重資產入息平衡基金,2.11%
,(本基金之配息來源可能為本金),
AA2,華南永昌全球物聯網精選基金,2.16%
AE21,華南永昌Shiller US CAPE ETF組合基金,1.86%
,(本基金之配息來源可能為本金),
AJ2,華南永昌低波動多重資產基金,1.93%
AJ2,華南永昌WE多重資產基金,2.50%
AE23,華南永昌實質豐收組合基金,0.40%
,(本基金有相當比重投資於持有非投資等級高風險債券),
AA1,新光台灣富貴基金,2.91%
AD1,新光吉星貨幣市場基金,0.14%
AA1,新光創新科技基金,3.37%
AA1,新光店頭基金,4.73%
AA1,新光大三通基金,3.47%
AA2,新光中國成長基金,3.91%
AF,新光澳幣十年期保本基金,0.10%
,(保護型保本基金；保本比率為本金之100%，但投資人於基金到期日前提出買回申請，到期前之買回淨值不保證會高於基金保本率或發行價格；本基金之配息來源可能為本金),
AA2,新光全球生技醫療基金,2.70%
AF,新光澳幣八年期保本基金,1.60%
,(保護型保本基金；保本比率為本金之100%，但投資人於基金到期日前提出買回申請，到期前之買回淨值不保證會高於基金保本率或發行價格),
AB2,新光美國豐收平衡基金,1.99%
,(本基金有相當比重投資於非投資等級之高風險債券且基金之配息來源可能為本金),
AC21,新光全球債券基金,1.26%
,(本基金有一定比重得投資於非投資等級之高風險債券且基金之配息來源可能為本金),
AC21,新光六年到期全球新興市場債券基金,0.75%
,(本基金有相當比重投資於非投資等級之高風險債券),
AH11,新光特選內需收益ETF基金,1.31%
AA2,新光全球AI新創產業基金,2.84%
AH22,新光全方位收益ETF傘型基金之新光富時15年以上特選產業美元投資等級債券ETF基金,0.63%
AH22,新光全方位收益ETF傘型基金之新光中國10年期國債及政策金融附加綠債債券ETF基金,0.42%
AH22,新光精選收益ETF傘型基金之新光美國政府1至3年期債券ETF基金,0.16%
AH22,新光首選收益傘型基金之新光15年期(以上)美元金融債券ETF基金,0.49%
AA2,新光全球特別股收益基金,2.27%
,(本基金之配息來源可能為本金),
AH22,新光優質收益ETF傘型基金之新光15年期(以上)A-BBB美元電信債券ETF基金,0.28%
AC21,新光新興富域國家債券基金,1.81%
,(本基金有相當比重投資於非投資等級之高風險債券且基金之配息來源可能為本金),
AA2,新光全球宅經濟基金,2.96%
AI2,新光_生科技指數基金,1.96%
AC21,新光永續再生環境債券基金,0.65%
,(本基金有一定比重得投資於非投資等級之高風險債券且基金之配息來源可能為本金),
AA2,瑞銀全球創新趨勢基金,2.16%
AC23,瑞銀亞洲高收益債券基金,1.68%
,(本基金主要係投資於非投資等級之高風險債券且配息來源可能為本金),
AC23,瑞銀全方位高收益債券基金,2.08%
,(本基金主要係投資於非投資等級之高風險債券且配息來源可能為本金),
AC21,瑞銀2023至2025年機動到期新興市場債券基金,0.86%
,(本基金有相當比重投資於非投資等級之高風險債券且配息來源可能為本金),
AC21,瑞銀優質精選收益基金,1.80%
,(本基金之配息來源可能為本金),
AC21,瑞銀2026年到期優選新興亞洲債券基金,2.56%
,(本基金有相當比重投資於非投資等級之高風險債券且配息來源可能為本金),
AE22,瑞銀精選債券收益組合基金,1.21%
,(本基金有一定比重得投資於非投資等級之高風險債券基金且配息來源可能為本金),
AC21,瑞銀2027年到期優選新興市場債券基金,2.49%
,(本基金有相當比重投資於非投資等級之高風險債券且配息來源可能為本金),
AA1,群益中小型股基金,3.56%
AD1,群益安穩貨幣市場基金,0.12%
AA1,群益馬拉松基金,2.97%
AA1,群益店頭市場基金,2.78%
AA1,群益長安基金,3.46%
AA1,群益創新科技基金,3.45%
AB1,群益真善美基金,2.30%
AB1,群益平衡王基金,2.28%
AB1,群益安家基金,2.37%
AE23,群益多重資產組合基金,1.23%
AA1,群益奧斯卡基金,3.42%
AE22,群益多重收益組合基金,1.10%
AA1,群益葛萊美基金,3.57%
AB2,群益亞太新趨勢平衡基金,2.22%
AA2,群益新興金鑽基金,3.11%
AA2,群益東方盛世基金,2.50%
AA2,群益華夏盛世基金,3.39%
AA2,群益印巴雙星基金,2.44%
AE22,群益多利策略組合基金,1.36%
,(本基金有相當比重投資於持有非投資等級高風險債券之基金),
AA2,群益東協成長基金,2.54%
AA2,群益印度中小基金,2.95%
AA2,群益大中華雙力優勢基金,3.10%
AC21,群益亞洲新興市場投資級債券基金,1.80%
,(本基金之配息來源可能為本金),
AC21,群益全球新興收益債券基金,1.99%
,(本基金有相當比例投資於非投資等級之高風險債券且配息來源可能為本金),
AA2,群益美國新創亮點基金,2.49%
AA2,群益全球關鍵生技基金,2.71%
AA2,群益中國新機會基金,2.97%
AA2,群益工業國入息基金,2.73%
,(本基金配息來源可能為本金),
AD2,群益人民幣貨幣市場基金,0.47%
AC23,群益中國高收益債券基金,2.36%
,(本基金主要係投資於非投資等級之高風險債券),
AE23,群益環球金綻雙喜,1.50%
,(本基金有相當比重投資於持有非投資等級高風險債券之基金且配息來源可能為本金),
AB2,群益中國金采平衡基金,2.17%
,(本基金有相當比例投資於非投資等級之高風險債券且配息來源可能為本金),
AH21,群益深証中小100基金,1.35%
AA2,群益大印度基金,3.00%
AG,群益全球地產入息基金,2.30%
,(本基金有相當比例投資於非投資等級之高風險債券且配息來源可能為本金),
AB2,群益金選報酬平衡基金,2.22%
,(本基金有相當比例投資於非投資等級之高風險債券且配息來源可能為本金),
AH21,群益那斯達克生技基金,1.85%
AH13,群益臺灣加權單日反向1倍基金,0.83%
AH13,群益臺灣加權單日正向2倍基金,0.91%
AA2,群益全球特別股收益基金,2.18%
,(本基金之配息來源可能為本金),
AH25,群益道瓊美國地產ETF基金,1.52%
AH22,群益15年期以上電信業公司債ETF基金,0.29%
AH22,群益15年期以上科技業公司債ETF基金,0.29%
AH22,群益10年期以上金融債ETF基金,0.29%
AC23,群益全球優先順位高收益債券基金,1.95%
,(本基金主要係投資於非投資等級之高風險債券且配息來源可能為本金),
AH22,群益15年期以上公用事業公司債ETF 基金,0.44%
AH22,群益15年期以上高評等公司債ETF 基金,0.44%
AH22,群益15年期以上新興市場主權債ETF基金,0.33%
AF,群益2028 REVERSO美元保本基金,1.13%
,(保護型保本基金；保本比率為本金之 115％，但投資人於基金到期日前提出買回申請，到期前之買回淨值不保證會高於基金保本率或發行價格),
AH22,群益10年期以下中國政策性金融債券ETF基金,0.65%
AJ2,群益潛力收益多重資產基金,2.04%
,(本基金有相當比重投資於非投資等級之高風險債券且基金之配息來源可能為本金),
AH22,群益25年期以上美國政府債券ETF基金,0.19%
AH22,群益15年期以上A級美元公司債ETF基金,0.34%
AH22,群益15年期以上AAA-A醫療保健業美元公司債ETF基金,0.66%
AH22,群益7年期以上中國政策性金融債ETF基金,0.43%
AE23,群益全民成長樂退組合基金,1.39%
,(本基金有相當比重投資於持有非投資等級高風險債券之基金且配息來源可能為本金),
AE22,群益全民安穩樂退組合基金,1.04%
,(本基金配息來源可能為本金),
AE23,群益全民優質樂退組合基金,1.12%
,(本基金有相當比重投資於持有非投資等級高風險債券之基金且配息來源可能為本金),
AH22,群益1-5年期投資等級公司債ETF基金,0.34%
AC21,群益全球策略收益金融債券基金,1.73%
,(本基金有一定比重投資於非投資等級之高風險債券且基金之配息來源可能為本金),
AH22,群益0-1年期美國政府債券ETF基金,0.17%
AA1,台中銀大發基金,2.04%
AA1,台中銀數位時代基金,1.85%
AD1,台中銀萬保貨幣市場基金,0.16%
AA2,台中銀中國精選成長基金,2.56%
AA1,台中銀台灣主流中小基金,2.25%
AA2,台中銀TAROBO機器人量化中國基金,2.53%
AA1,聯博大利基金,2.04%
AC21,聯博新興市場企業債券基金,1.80%
,(本基金有相當比重投資於非投資等級之高風險債券且配息來源可能為本金),
AE22,聯博收益傘型基金之聯博債券收益組合基金,1.16%
,(本基金得投資於非投資等級之高風險債券基金且配息來源可能為本金),
AE23,聯博收益傘型基金之聯博多元資產收益組合基金,1.57%
,(本基金得投資於非投資等級之高風險債券基金且配息來源可能為本金),
AJ2,聯博多重資產傘型基金之聯博歐洲多重資產基金,1.96%
,(本基金得投資於非投資等級之高風險債券且配息來源可能為本金),
AJ2,聯博多重資產傘型基金之聯博亞太多重資產基金,1.90%
,(本基金得投資於非投資等級之高風險債券且配息來源可能為本金),
AC23,聯博全球高收益債券基金,1.58%
,(本基金主要係投資於非投資等級之高風險債券且配息來源可能為本金),
AC21,聯博新興亞洲收益基金,1.62%
,(本基金有相當比重投資於非投資等級之高風險債券且配息來源可能為本金),
AC23,聯博美國高收益債券基金,1.73%
,(本基金主要係投資於非投資等級之高風險債券且配息來源可能為本金),
AA2,聯博中國A股基金,2.36%
AJ2,聯博美國傘型基金之聯博美國多重資產收益基金,1.74%
,(本基金得投資於非投資等級之高風險債券且配息來源可能為本金),
AA2,聯博美國傘型基金之聯博美國成長入息基金,1.75%
,(本基金配息來源可能為本金),
AA1,日盛日盛基金,2.88%
AD1,日盛貨幣市場基金,0.16%
AA1,日盛上選基金,3.14%
AA1,日盛小而美基金,3.52%
AA1,日盛精選五虎基金,2.87%
AA1,日盛高科技基金,3.24%
AA1,日盛新台商基金,3.10%
AA2,日盛亞洲機會基金,2.42%
AA1,日盛首選基金,3.35%
AA2,日盛全球抗暖化基金,2.41%
AA1,日盛MIT主流基金,3.15%
AA2,日盛中國內需動力基金,2.78%
AC23,日盛亞洲高收益債券基金,1.88%
,(本基金主要係投資於非投資等級之高風險債券且基金之配息來源可能為本金),
AC23,日盛中國高收益債券基金,1.82%
,(本基金主要係投資於非投資等級之高風險債券且基金之配息來源可能為本金),
AA2,日盛中國戰略A股基金,3.42%
AE23,日盛目標收益組合基金,1.54%
,(本基金得投資於非投資等級高風險債券之基金),
AB2,日盛中國豐收平衡基金,2.59%
,(本基金有相當比重投資於非投資等級之高風險債券),
AA2,日盛全球智能車基金,2.53%
AA1,日盛台灣永續成長股息基金,2.39%
AG,日盛長照產業收益不動產證券化基金,1.21%
,(本基金有相當比重得投資於非投資等級之高風險債券且配息來源可能為本金),
AA1,柏瑞巨人基金,2.15%
AD1,柏瑞巨輪貨幣市場基金,0.22%
AE23,柏瑞旗艦全球平衡組合基金,0.81%
AE21,柏瑞旗艦全球成長組合基金,1.15%
AE22,柏瑞旗艦全球債券組合基金,0.99%
,(本基金有一定比例之投資包含高風險非投資等級債券基金且本基金配息來源可能為本金),
AE23,柏瑞全球金牌組合基金,0.76%
AA2,柏瑞拉丁美洲基金,2.23%
AC21,柏瑞美國雙核心收益基金,1.06%
,(基金之配息來源可能為本金),
AA2,柏瑞亞太高股息基金,2.51%
,(基金之配息來源可能為本金),
AC23,柏瑞全球策略高收益債券基金,1.68%
,(本基金主要係投資於非投資等級之高風險債券且配息來源可能為本金),
AC23,柏瑞新興市場高收益債券基金,1.81%
,(本基金主要係投資於非投資等級之高風險債券且配息來源可能為本金),
AC21,柏瑞新興市場企業策略債券基金,1.72%
,(本基金有相當比重投資於非投資等級之高風險債券且配息來源可能為本金),
AC21,柏瑞新興亞太策略債券基金,1.83%
,(本基金有相當比重投資於非投資等級之高風險債券且配息來源可能為本金),
AA2,柏瑞亞洲亮點股票基金,2.49%
AB2,柏瑞中國平衡基金,2.04%
,(本基金有相當比重投資於非投資等級之高風險債券且配息來源可能為本金),
AC23,柏瑞亞太高收益債券基金,1.83%
,(本基金主要係投資於非投資等級之高風險債券且配息來源可能為本金),
AE23,柏瑞環球多元資產基金,1.42%
,(基金之配息來源可能為本金),
AA2,柏瑞特別股息收益基金,2.06%
,(本基金配息來源可能為本金),
AJ2,柏瑞多重資產特別收益基金,1.98%
,(本基金有相當比重投資於非投資等級之高風險債券且配息來源可能為本金),
AA2,柏瑞中國A股量化精選基金,2.67%
AC21,柏瑞2025目標到期新興市場債券基金,0.72%
,(本基金有相當比重投資於非投資等級之高風險債券且配息來源可能為本金),
AC23,柏瑞新興邊境高收益債券基金,1.99%
,(本基金主要係投資於非投資等級之高風險債券且配息來源可能為本金),
AJ2,柏瑞新興動態多重資產基金,1.77%
,(本基金有相當比重投資於非投資等級之高風險債券且配息來源可能為本金),
AC21,柏瑞ESG量化債券基金,1.55%
,(本基金有一定比重得投資於非投資等級之高風險債券且配息來源可能為本金),
AJ2,柏瑞ESG量化多重資產基金,2.01%
,(本基金有相當比重投資於非投資等級之高風險債券且配息來源可能為本金),
AC21,柏瑞全球策略量化債券基金,1.05%
,(本基金有一定比重得投資於非投資等級之高風險債券且 配息來源可能為本金),
AA2,柏瑞ESG量化全球股票收益基金,0.63%
,(本基金 配息來源可能為本金),
AA1,復華復華基金,4.14%
AD1,復華貨幣市場基金,0.15%
AA1,復華高成長基金,3.38%
AB1,復華傳家基金,3.44%
AD1,復華有利貨幣市場基金,0.15%
AA1,復華數位經濟基金,3.49%
AB1,復華傳家二號基金,2.84%
AA1,復華中小精選基金,3.07%
AC21,復華全球債券基金,1.17%
AB1,復華人生目標基金,2.89%
AB2,復華全球平衡基金,2.10%
,(本基金有相當比重投資於非投資等級之高風險債券),
AB1,復華神盾基金,3.07%
AE23,復華奧林匹克全球組合基金,1.18%
,(本基金有相當比重投資於持有非投資等級高風險債券之基金),
AA1,復華全方位基金,3.85%
AB2,復華亞太平衡基金,3.34%
,(本基金有相當比重投資於非投資等級之高風險債券),
AE22,復華全球債券組合基金,1.13%
,(本基金有相當比重投資於持有非投資等級高風險債券之基金),
AA2,復華亞太成長基金,3.73%
AG,復華全球資產證券化基金,2.01%
,(基金之配息來源可能為本金),
AE23,復華奧林匹克全球優勢組合基金,1.12%
,(本基金有相當比重投資於持有非投資等級高風險債券之基金且基金之配息來源可能為本金),
AA2,復華全球大趨勢基金,3.04%
AA2,復華華人世紀基金,3.59%
AC21,復華全球短期收益基金,0.76%
AE23,復華高益策略組合基金,1.65%
,(本基金主要係投資於持有非投資等級高風險債券之基金),
AA2,復華全球原物料基金,3.56%
AE23,復華新興債股動力組合基金,1.15%
AA2,復華大中華中小策略基金,4.64%
AC21,復華新興市場短期收益基金,1.16%
,(本基金有相當比重投資於非投資等級之高風險債券),
AC23,復華新興市場高收益債券基金,1.65%
,(本基金主要係投資於非投資等級之高風險債券且基金之配息來源可能為本金),
AA2,復華東協世紀基金,2.99%
AH21,復華滬深300 A股基金,1.15%
AC21,復華南非幣短期收益基金,1.18%
,(基金之配息來源可能為本金),
AC21,復華南非幣長期收益基金,1.41%
,(基金之配息來源可能為本金),
AC21,復華新興人民幣債券基金,1.48%
,(本基金有相當比重投資於非投資等級之高風險債券且基金之配息來源可能為本金),
AD2,復華人民幣貨幣市場基金,0.54%
AA2,復華全球消費基金,3.39%
AA2,復華美國新星基金,2.90%
AC21,復華新興人民幣短期收益基金,1.07%
,(本基金有相當比重投資於非投資等級之高風險債券),
AE23,復華全球戰略配置強基金,1.14%
,(本基金有相當比重投資於持有非投資等級高風險債券之基金),
AB2,復華中國新經濟平衡基金,2.29%
,(本基金有相當比重投資於非投資等級之高風險債券且配息來源可能為本金),
AA2,復華中國新經濟A股基金,3.71%
AH23,復華_生單日正向二倍基金,1.39%
AH23,復華_生單日反向一倍基金,1.52%
AA2,復華全球物聯網科技基金,2.68%
AE1,復華台灣智能基金,1.05%
AH22,復華1至5年期高收益債券基金,0.45%
,(本基金主要係投資於非投資等級之高風險債券且基金之配息來源可能為收益平準金),
AH25,復華富時不動產證券化基金,0.60%
,(本基金之配息來源可能為收益平準金),
AH22,復華新興市場10年期以上債券基金,0.48%
,(本基金之配息來源可能為收益平準金),
AA2,復華亞太神龍科技基金,2.82%
AH11,復華富時台灣高股息低波動基金,2.60%
,(本基金之配息來源可能為收益平準金),
AC21,復華六年到期新興市場債券基金,0.71%
,(本基金有相當比重投資於非投資等級之高風險債券),
AC21,復華2024到期新興市場債券基金,0.71%
,(本基金有相當比重投資於非投資等級之高風險債券),
AH22,復華中國5年期以上政策性金融債券ETF基金,0.47%
,(本基金之配息來源可能為收益平準金),
AH22,復華15年期以上製藥業債券ETF基金,0.47%
,(本基金之配息來源可能為收益平準金),
AH22,復華15年期以上能源業債券ETF基金,0.72%
,(本基金之配息來源可能為收益平準金),
AH22,復華新興市場企業債券ETF基金,0.41%
,(本基金之配息來源可能為收益平準金),
AH22,復華美國20年期以上公債ETF基金,0.18%
AH22,復華1至5年期美元特選信用債券ETF基金,0.35%
,(本基金之配息來源可能為收益平準金),
AH22,復華20年期以上A3級以上公司債券ETF基金,0.54%
,(本基金之配息來源可能為收益平準金),
AH22,復華8年期以上次順位金融債券ETF基金,1.01%
,(本基金之配息來源可能為收益平準金),
AC21,復華十年到期新興市場債券基金,0.96%
,(本基金有相當比重投資於非投資等級之高風險債券且基金之配息來源可能為本金),
AC21,復華六年到期優選新興市場債券基金,0.72%
,(本基金有相當比重投資於非投資等級之高風險債券),
AC21,復華十年到期精選新興市場債券基金,0.94%
,(本基金有相當比重投資於非投資等級之高風險債券且基金之配息來源可能為本金),
AI2,復華美元高收益債券指數基金,0.85%
,(本基金主要係投資於非投資等級之高風險債券且基金之配息來源可能為本金),
AI2,復華5至10年期投資等級債券指數基金,0.84%
AI2,復華已開發國家300股票指數基金,0.86%
AI2,復華美國標普500低波動指數基金,0.98%
AI2,復華新興亞洲3至10年期美元債券指數基金,0.84%
,(本基金有相當比重投資於非投資等級之高風險債券),
AI2,復華新興市場3年期以上美元主權及類主權債券指數基金,0.82%
,(本基金有相當比重投資於非投資等級之高風險債券),
AH21,復華中國5G通信ETF基金,1.28%
AA1,復華台灣好收益基金,2.94%
AA1,永豐永豐基金,3.07%
AD1,永豐貨幣市場基金,0.12%
AA1,永豐領航科技基金,2.96%
AA1,永豐中小基金,2.81%
AB1,永豐趨勢平衡基金,1.85%
AA2,永豐主流品牌基金,2.40%
AA2,永豐亞洲民生消費基金,2.82%
AE22,永豐新興高收雙債組合基金,1.21%
,(本基金主要投資於高風險非投資等級債券基金且基金之配息來源可能為本金),
AH11,永豐臺灣加權ETF基金,1.17%
AA2,永豐中國經濟建設基金,2.36%
AC21,永豐新興市場企業債券基金,1.95%
,(本基金可投資於相當比例非投資等級之高風險債券且基金之配息來源可能為本金),
AI2,永豐滬深300紅利指數基金,1.53%
AD2,永豐人民幣貨幣市場基金,0.53%
AE23,永豐全球多元入息基金,2.18%
,(本基金有相當比重投資於非投資等級之高風險債券基金且配息來源可能為本金),
AH22,永豐10年期以上美元A級公司債券ETF基金,0.37%
AH22,永豐7至10年期中國政策性金融債券ETF基金,0.55%
AH22,永豐1至3年期美國公債ETF基金,0.24%
AH22,永豐20年期以上美國公債ETF基金,0.22%
AH21,永豐美國大型500股票ETF基金,1.06%
AA1,永豐臺灣ESG永續優選基金,1.78%
AH21,永豐中國科技50大ETF基金,1.16%
AH11,永豐台灣ESG永續優質ETF基金,0.67%
AH21,永豐美國科技ETF基金,0.76%
AH11,永豐台灣智能車供應鏈ETF基金,0.21%
AD1,中國信託華盈貨幣市場基金,0.14%
AA1,中國信託台灣活力基金,3.68%
AG,中國信託全球不動產收益基金,2.27%
,(本基金有相當比重投資於非投資等級之高風險債券且本基金之配息來源可能為本金),
AB2,中國信託樂齡收益平衡基金,2.27%
,(本基金有相當比重投資於非投資等級之高風險債券且本基金之配息來源可能為本金),
AC21,中國信託六年到期新興主權債券基金,0.72%
,(本基金有相當比重投資於非投資等級之高風險債券),
AC21,中國信託雄鷹新興市場債券基金,2.00%
,(本基金有相當比重投資於非投資等級之高風險債券且基金之配息來源可能為本金),
AC21,中國信託2024年到期新興主權債券基金,0.72%
,(本基金有相當比重投資於非投資等級之高風險債券且基金之配息來源可能為本金),
AA2,中國信託智慧城市建設基金,2.51%
AH23,中國信託MSCI中國外資自由投資50不含A及B股單日正向2倍ETF基金,1.63%
AH21,中國信託MSCI中國外資自由投資50不含A及B股ETF基金,1.56%
AH22,中國信託10年期以上高評級美元公司債券ETF基金,0.31%
AH22,中國信託10年期以上優先順位金融債券ETF基金,0.29%
AH22,中國信託中國國債及政策性金融債7至10年期債券ETF基金,0.41%
AH22,中國信託美國政府20年期以上債券ETF基金,0.15%
AH22,中國信託美國高評級市政債券ETF基金,0.54%
AH22,中國信託新興市場0-5年期美元政府債券ETF基金,0.37%
,(本基金有一定比重投資於非投資等級之高風險債券),
AH22,中國信託新興亞洲(不含中國)美元精選綜合債券ETF基金,0.49%
,(本基金有一定比重投資於非投資等級之高風險債券),
AH22,中國信託美國政府0至1年期債券ETF基金,0.23%
AH22,中國信託10年期以上電信業美元公司債券ETF基金,0.38%
AH22,中國信託20年期以上BBB級美元公司債券ETF基金,0.44%
AC21,中國信託2026年到期新興優先順位債券基金,1.03%
,(本基金有相當比重投資於非投資等級之高風險債券),
AJ2,中國信託亞太實質收息多重資產基金,2.31%
,(本基金之配息來源可能為本金),
AA2,中國信託越南機會基金,2.48%
AH22,中國信託15年期以上新興市場美元主權低碳債券ETF基金,0.52%
AH22,中國信託15年期以上已開發市場ESG投資級美元公司債券ETF基金,0.68%
AH21,中國信託_生中國高股息ETF基金,1.66%
AH11,中國信託臺灣ESG永續關鍵半導體ETF基金,0.73%
AH11,中國信託特選小資高價30ETF基金,0.58%
AH11,中國信託臺灣綠能及電動車ETF基金,0.38%
AJ2,中國信託科技趨勢多重資產基金,0.16%
,(本基金有相當比重投資於非投資等級之高風險債券且本基金之配息來源可能為本金),
AA1,宏利臺灣股息收益基金,2.40%
AD1,宏利萬利貨幣市場基金,0.13%
AA1,宏利台灣動力基金,3.03%
AE22,宏利全球債券組合基金,0.97%
,(本基金之子基金得投資於非投資等級之高風險債券),
AA2,宏利精選中華基金,2.36%
AC21,宏利亞太入息債券基金,1.18%
,(本基金之配息來源可能為本金),
AA2,宏利亞太中小企業基金,2.85%
AC23,宏利新興市場高收益債券基金,1.77%
,(本基金主要係投資於非投資等級之高風險債券且基金之配息來源可能為本金),
AC23,宏利中國高收益債券基金,1.51%
,(本基金主要係投資於非投資等級之高風險債券且基金之配息來源可能為本金),
AC21,宏利中國離岸債券基金,1.19%
,(本基金之配息來源可能為本金),
AC23,宏利美元高收益債券基金,2.07%
,(本基金主要係投資於非投資等級之高風險債券且基金之配息來源可能為本金),
AA2,宏利全球動力股票基金,2.24%
AA2,宏利特別股息收益基金,2.10%
,(本基金配息來源可能為本金),
AC21,宏利六年到期新興市場債券基金,0.62%
,(本基金有相當比重投資於非投資等級之高風險債券且配息來源可能為本金),
AC21,宏利六年階梯到期新興市場債券基金,0.73%
,(本基金有相當比重投資於非投資等級之高風險債券且配息來源可能為本金),
AC21,宏利四到六年機動到期新興市場債券基金,0.63%
,(本基金有相當比重投資於非投資等級之高風險債券),
AC21,宏利七年階梯到期新興市場債券基金,1.51%
,(本基金有相當比重投資於非投資等級之高風險債券且配息來源可能為本金),
AE23,宏利好豐富退休組合傘型基金之宏利富利退組合基金,1.53%
,(本基金有相當比重投資於高風險非投資等級債券基金且配息來源可能為本金),
AE23,宏利好豐富退休組合傘型基金之宏利好利退組合基金,1.17%
,(本基金配息來源可能為本金),
AE23,宏利好豐富退休組合傘型基金之宏利豐利退組合基金,1.27%
,(本基金有相當比重投資於高風險非投資等級債券基金且配息來源可能為本金),
AC23,宏利全球ESG高收益債券基金,2.07%
,(本基金主要投資於非投資等級之高風險債券且配息來源可能為本金),
AJ2,宏利亞洲ESG收益成長多重資產基金,1.18%
,(本基金有相當比重投資於非投資等級之高風險債券且配息來源可能為本金),
AJ2,宏利實質多重資產基金,0.88%
,(本基金有相當比重投資於非投資等級之高風險債券且配息來源可能為本金),
AA1,貝萊德寶利基金,2.17%
AC23,貝萊德亞洲高收益債券基金,1.79%
,(基金主要係投資於非投資等級之高風險債券且配息來源可能為本金),
AE23,貝萊德全方位資產收益組合基金,1.28%
,(基金有相當比重投資於非投資等級之高風險債券基金且配息來源可能為本金),
AE23,貝萊德享退休系列2030目標日期組合基金,0.80%
AE23,貝萊德享退休系列2040目標日期組合基金,0.80%
AE23,貝萊德享退休系列2050目標日期組合基金,0.81%
AA1,野村台灣運籌基金,2.53%
AA1,野村鴻運基金,2.41%
AA2,野村環球基金,1.58%
AB1,野村鴻利基金,1.84%
AA1,野村積極成長基金,2.52%
AD1,野村貨幣市場基金,0.09%
AA2,野村泰國基金,1.92%
AA1,野村優質基金,1.99%
AA1,野村成長基金,2.51%
AA1,野村高科技基金,3.05%
AB1,野村平衡基金,1.74%
AA1,野村ｅ科技基金,2.98%
AD1,野村精選貨幣市場基金,0.18%
AA1,野村中小基金,2.40%
AA2,野村全球品牌基金,2.39%
AA2,野村全球高股息基金,2.34%
,(本基金之配息來源可能為本金),
AE22,野村鑫全球債券組合基金,1.18%
AE23,野村鑫平衡組合基金,0.93%
AA1,野村台灣高股息基金,2.38%
AG,野村全球不動產證券化基金,2.24%
,(本基金配息來源可能為本金),
AA2,野村亞太高股息基金,2.54%
,(本基金之配息來源可能為本金),
AA2,野村全球生技醫療基金,2.24%
AA2,野村新興傘型基金之大俄羅斯基金,2.24%
AA2,野村中國機會基金,2.58%
AA2,野村巴西基金,2.23%
AE22,野村新興高收益債組合基金,1.19%
,(本基金主要係投資於非投資等級之高風險債券基金且配息來源可能為本金),
AA2,野村雙印傘型基金之印度潛力基金,4.80%
AC23,野村亞太複合高收益債基金,1.78%
,(本基金主要係投資於非投資等級之高風險債券且配息來源可能為本金),
AC23,野村環球高收益債基金,1.86%
,(本基金主要係投資於非投資等級之高風險債券且配息來源可能為本金),
AJ2,野村動態配置多重資產基金,2.28%
,(本基金有相當比重投資於非投資等級之高風險債券且配息來源可能為本金),
AC23,野村美利堅高收益債基金,1.89%
,(本基金主要係投資於非投資等級之高風險債券且配息來源可能為本金),
AA2,野村日本領先基金,2.26%
AC21,野村全球短期收益基金,0.74%
AJ2,野村多元收益多重資產基金,2.12%
,(本基金有相當比重投資於非投資等級之高風險債券且配息來源可能為本金),
AC21,野村亞太新興債券基金,1.96%
,(本基金有相當比重投資於非投資等級之高風險債券且配息來源可能為本金),
AJ2,野村亞太收益多重資產基金,2.41%
,(本基金有相當比重投資於非投資等級之高風險債券且配息來源可能為本金),
AC21,野村四年階梯到期新興市場債券基金,0.77%
,(本基金有相當比重投資於非投資等級之高風險債券且配息來源可能為本金),
AC21,野村新興收益傘型基金之五年階梯到期新興市場債券基金,0.74%
,(本基金有相當比重投資於非投資等級之高風險債券且配息來源可能為本金),
AC21,野村全球金融收益基金,1.73%
,(本基金配息來源可能為本金),
AC21,野村到期收益傘型基金之六年目標到期新興市場債券基金,0.66%
,(本基金有相當比重投資於非投資等級之高風險債券),
AC21,野村到期收益傘型基金之2024目標到期新興市場企業債券基金,0.73%
,(本基金有相當比重投資於非投資等級之高風險債券且配息來源可能為本金),
AC21,野村六年階梯到期新興市場債券基金,0.83%
,(本基金有相當比重投資於非投資等級之高風險債券),
AC21,野村精選到期傘型基金之六年階梯到期亞太新興債券基金,1.20%
,(本基金有相當比重投資於非投資等級之高風險債券且配息來源可能為本金),
AC21,野村精選到期傘型基金之六年目標到期亞太新興債券基金,1.12%
,(本基金有相當比重投資於非投資等級之高風險債券且配息來源可能為本金),
AC21,野村目標到期傘型基金之2025目標到期新興市場企業債券基金,0.73%
,(本基金有相當比重投資於非投資等級之高風險債券且配息來源可能為本金),
AC21,野村目標到期傘型基金之2025目標到期新興市場債券基金,0.72%
,(本基金有相當比重投資於非投資等級之高風險債券),
AC23,野村特別時機高收益債基金,1.16%
,(本基金主要係投資於非投資等級之高風險債券且配息來源可能為本金),
AA2,野村全球正向效應成長基金,0.85%
,(本基金配息來源可能為本金),
AD1,聯邦貨幣市場基金,0.14%
AA1,聯邦精選科技基金,2.74%
AA1,聯邦中國龍基金,2.78%
AE22,聯邦優勢策略全球債券組合基金,1.19%
AB1,聯邦金鑽平衡基金,1.87%
AC21,聯邦_囍新興亞洲債券基金,1.84%
,(本基金有相當比重投資於非投資等級之高風險債券且基金之配息來源可能為本金),
AB2,聯邦環太平洋平衡基金,2.18%
,(本基金有相當比重投資於非投資等級之高風險債券且基金之配息來源可能為本金),
AC23,聯邦永騰亞洲高收益債券基金,1.92%
,(本基金主要係投資於非投資等級之高風險債券且基金之配息來源可能為本金),
AA2,聯邦全球高息策略基金,2.39%
,(本基金之配息來源可能為本金),
AC21,聯邦2024年到期新興市場債券基金,0.73%
,(本基金有相當比重投資於非投資等級之高風險債券),
AC21,聯邦2022年到期新興亞洲債券基金,0.63%
,(本基金有相當比重投資於非投資等級之高風險債券),
AJ2,聯邦高息策略多重資產基金,2.22%
,(本基金有相當比重投資於非投資等級之高風險債券且配息來源可能為本金),
AC21,聯邦2023年到期全球ESG優質債券基金,1.98%
,(本基金有一定比重得投資於非投資等級之高風險債券且配息來源可能為本金),
AJ2,聯邦低碳目標多重資產基金,0.44%
AA1,鋒裕匯理阿波羅基金,2.55%
AC23,鋒裕匯理全球高收益債券基金,2.07%
,(本基金主要係投資於非投資等級之高風險債券且配息來源可能為本金),
AJ2,鋒裕匯理實質收息多重資產基金,2.19%
,(本基金之配息來源可能為本金),
AC23,鋒裕匯理新興市場高收益債券基金,2.07%
,(本基金主要係投資於非投資等級之高風險債券且配息來源可能為本金),
AC21,鋒裕匯理美元核心收益債券基金,1.78%
,(本基金有一定比重得投資於非投資等級之高風險債券且配息來源可能為本金),
AC23,鋒裕匯理美國高收益債券基金,1.56%
,(本基金主要係投資於非投資等級之高風險債券且配息來源可能為本金),
AA1,安聯台灣大壩基金,2.83%
AD1,安聯台灣貨幣市場基金,0.10%
AA1,安聯台灣科技基金,2.28%
AA2,安聯全球生技趨勢基金,2.13%
AC21,安聯全球債券基金,1.00%
,(基金之配息來源可能為本金),
AA2,安聯亞洲動態策略基金,2.27%
AA2,安聯全球新興市場基金,2.63%
AA2,安聯全球綠能趨勢基金,2.32%
AA2,安聯全球人口趨勢基金,2.11%
AA2,安聯全球農金趨勢基金,2.24%
AA1,安聯台灣智慧基金,2.78%
AE22,安聯四季回報債券組合基金,1.09%
,(基金之配息來源可能為本金),
AA2,安聯中國策略基金,2.29%
AA2,安聯全球油礦金趨勢基金,2.38%
AA2,安聯中國東協基金,2.57%
AE22,安聯四季豐收債券組合基金,1.12%
,(本基金有一定比例之投資包含高風險非投資等級債券基金且配息來源可能為本金),
AE23,安聯四季雙收入息組合基金,0.97%
,(基金之配息來源可能為本金),
AE21,安聯四季成長組合基金,1.04%
AE23,安聯目標收益基金,1.15%
,(本基金主要係投資於高風險非投資等級債券基金且配息來源可能為本金),
AA2,安聯中華新思路基金,2.61%
AJ2,安聯收益成長多重資產基金,1.75%
,(本基金有相當比重投資於非投資等級之高風險債券且配息來源可能為本金),
AC23,安聯美國短年期高收益債券基金,1.75%
,(本基金主要係投資於非投資等級之高風險債券且配息來源可能為本金),
AJ2,安聯特別收益多重資產基金,1.78%
,(本基金有相當比重投資於非投資等級之高風險債券且配息來源可能為本金),
AE22,安聯新興債券收益組合基金,1.14%
,(本基金有一定比例之投資包含高風險非投資等級債券基金且配息來源可能為本金),
AA1,國泰小龍基金,2.17%
AA1,國泰國泰基金,2.76%
AD1,國泰台灣貨幣市場基金,0.11%
AA1,國泰中小成長基金,2.85%
AA1,國泰大中華基金,2.54%
AA1,國泰科技生化基金,2.85%
AE21,國泰全球積極組合基金,1.07%
,(本基金之配息來源可能為本金),
AA2,國泰全球基礎建設基金,2.20%
AA2,國泰中港台基金,3.08%
AE22,國泰豐益債券組合基金,1.17%
AA2,國泰新興市場基金,2.84%
AA2,國泰全球資源基金,2.26%
AA2,國泰中國內需增長基金,2.56%
AC23,國泰新興高收益債券基金,1.48%
,(本基金主要係投資於非投資等級之高風險債券且基金之配息來源可能為本金),
AA2,國泰中國新興戰略基金,2.89%
AD2,國泰人民幣貨幣市場基金,0.54%
AC21,國泰中國新興債券基金,2.57%
,(本基金有相當比重投資於非投資等級之高風險債券),
AB2,國泰全球多重收益平衡基金,1.50%
,(本子基金有相當比重投資於非投資等級之高風險債券且配息來源可能為本金),
AA2,國泰亞洲成長基金,2.70%
AH21,國泰富時中國A50基金,1.53%
AB2,國泰亞太入息平衡基金,2.36%
,(本基金有相當比重投資於非投資等級之高風險債券且配息來源可能為本金),
AH23,國泰A50傘型基金之富時中國A50單日反向1倍基金,1.72%
AH23,國泰A50傘型基金之富時中國A50單日正向2倍基金,1.89%
AH21,國泰日本ETF傘型基金之日經225基金,1.18%
AH13,國泰臺指ETF傘型基金之臺灣加權指數單日反向1倍基金,0.93%
AH13,國泰臺指ETF傘型基金之臺灣加權指數單日正向2倍基金,0.99%
AA2,國泰全球高股息基金,2.28%
AH23,國泰美國ETF傘型基金之道瓊工業平均指數單日反向1倍基金,1.12%
AH21,國泰美國ETF傘型基金之道瓊工業平均指數基金,1.36%
AE22,國泰智富ETF安鑫組合基金,0.75%
,(本組合型基金之配息來源可能為本金),
AH22,國泰美國債券ETF傘型基金之彭博巴克萊20年期(以上)美國公債指數基金,0.22%
AH24,國泰美國債券ETF傘型基金之彭博巴克萊20年期(以上)美國公債指數單日反向1倍基金,0.87%
AH24,國泰美國債券ETF傘型基金之彭博巴克萊20年期(以上)美國公債指數單日正向2倍基金,1.55%
AH11,國泰低波動ETF傘型基金之臺灣低波動股利精選30基金,0.75%
AH21,國泰低波動ETF傘型基金之美國標普500低波動高股息基金,2.18%
AH22,國泰息收ETF傘型基金之彭博巴克萊10年期(以上)BBB美元息收公司債券基金,0.38%
AH22,國泰息收ETF傘型基金之彭博巴克萊優選1-5年美元高收益債券基金,0.44%
,(本子基金主要係投資於非投資等級之高風險債券),
AH22,國泰息收ETF傘型基金之彭博巴克萊新興市場5年期(以上)美元息收投資等級債券基金,0.33%
AH22,國泰優勢收益傘型基金之富時人民幣短期報酬ETF基金,0.66%
,(本子基金不適用免徵證券交易稅),
AC23,國泰主順位資產抵押高收益債券基金,1.97%
,(本基金主要係投資於非投資等級之高風險債券且基金之配息來源可能為本金),
AH21,國泰趨勢ETF傘型基金之納斯達克全球人工智慧及機器人基金,1.51%
AH21,國泰趨勢ETF傘型基金之臺韓科技基金,1.39%
AH21,國泰趨勢ETF傘型基金之富時新興市場基金,1.35%
AH21,國泰新中國傘型基金之富時中國A150ETF基金,2.12%
AB2,國泰中國新時代平衡基金,2.51%
,(本子基金有相當比重投資於非投資等級之高風險債券),
AH22,國泰新中國傘型基金之國泰富時中國5年期以上政策金融債券ETF基金,0.43%
AH22,國泰彭博巴克萊10年期以上A等級美元公司債券ETF基金,0.28%
AH21,國泰標普北美科技ETF基金,1.18%
AH22,國泰旗艦產業ETF傘型基金之15年期以上A等級公用事業產業債券基金,0.68%
AH22,國泰旗艦產業ETF傘型基金之15年期以上A等級科技產業債券基金,0.76%
AH22,國泰旗艦產業ETF傘型基金之7-10年A等級金融產業債券基金,0.42%
AH22,國泰15年期以上A等級醫療保健產業債券基金,0.72%
AH21,國泰美國費城半導體基金,1.01%
AC21,國泰六年階梯到期新興市場債券基金,0.72%
,(本基金有相當比重投資於非投資等級之高風險債券),
AE24,國泰泰享退系列2029目標日期組合基金,0.53%
AE24,國泰泰享退系列2049目標日期組合基金,0.82%
AE24,國泰泰享退系列2039目標日期組合基金,0.64%
AC21,國泰2025到期新興市場債券基金,0.73%
,(本基金有相當比重投資於非投資等級之高風險債券),
AH23,國泰道瓊工業平均指數單日正向2倍基金,1.30%
AH22,國泰美國收益傘型基金之美國短期公債ETF基金,0.41%
AB2,國泰美國多重收益平衡基金,2.08%
,(本子基金有相當比重投資於非投資等級之高風險債券且配息來源可能為本金),
AH21,國泰網路資安ETF基金,1.73%
AH11,國泰台灣高股息傘型基金之台灣ESG永續高股息ETF基金,0.57%
,(本子基金之配息來源可能為收益平準金),
AA1,國泰台灣高股息傘型基金之台灣高股息基金,1.69%
AC23,國泰亞洲高收益債券基金,1.87%
,(本基金主要係投資於非投資等級之高風險債券且基金之配息來源可能為本金),
AH11,國泰台灣5G PLUS ETF基金,0.83%
AH21,國泰全球智能電動車ETF基金,0.75%
AH21,國泰全球基因免疫與醫療革命ETF基金,0.24%
AA1,富達台灣成長基金,2.25%
AE23,富達卓越領航全球組合基金,0.84%
AC21,富達亞洲總報酬基金,1.45%
,(本基金有相當比重投資於非投資等級之高風險債券且基金之配息來源可能為本金),
AC21,富達新興市場潛力企業債券基金,1.64%
,(本基金有相當比重投資於非投資等級之高風險債券且基金之配息來源可能為本金),
AC23,富達亞洲高收益債券基金,1.55%
,(本基金主要係投資於非投資等級之高風險債券且基金之配息來源可能為本金),
AE23,富達全球多重資產收益組合基金,1.40%
,(本基金得投資於非投資等級之高風險債券基金且配息來源可能為本金),
AJ2,富達智慧醫療多重資產收益基金,0.75%
,(本基金有相當比重投資於非投資等級之高風險債券且配息來源可能為本金或收益平準金),
AJ2,富達未來通訊多重資產收益基金,0.77%
,(本基金有相當比重投資於非投資等級之高風險債券且配息來源可能為本金或收益平準金),
AA1,德銀遠東DWS台灣旗艦基金,2.43%
AD1,德銀遠東DWS台灣貨幣市場基金,0.14%
AA2,德銀遠東DWS全球原物料能源基金,2.86%
AC21,德銀遠東2024年到期新興市場債券基金,0.72%
,(本基金有相當比重投資於非投資等級之高風險債券),
AA1,凱基開創基金,3.05%
AD1,凱基凱旋貨幣市場基金,0.14%
AA2,凱基台商天下基金,2.96%
AA1,凱基台灣精五門基金,3.19%
AE21,凱基新興趨勢ETF組合基金,1.49%
AA2,凱基新興市場中小基金,3.42%
AA2,凱基雲端趨勢基金,2.57%
AA2,凱基亞洲護城河基金,3.14%
AA2,凱基醫院及長照產業基金,2.54%
AC21,凱基六年到期新興市場債券基金,0.72%
,(本基金有相當比重投資於非投資等級之高風險債券),
AC21,凱基2024到期新興市場債券基金,0.72%
,(本基金有相當比重投資於非投資等級之高風險債券),
AH22,凱基全球息收ETF傘型基金之凱基3至10年期中國政策金融債券ETF基金,0.41%
AH22,凱基全球息收ETF傘型基金之凱基10年期以上新興市場BBB美元主權債及類主權債券ETF基金,0.30%
AH22,凱基全球息收ETF傘型基金之凱基10年期以上科技業公司債券ETF基金,0.48%
AC21,凱基2025到期新興市場債券基金,0.73%
,(本基金有相當比重投資於非投資等級之高風險債券),
AH22,凱基多元收益ETF傘型基金之凱基15年期以上AAA至A級美元公司債券ETF基金,0.27%
AH22,凱基多元收益ETF傘型基金之凱基20年期以上美元金融債券ETF基金,0.28%
AH22,凱基多元收益ETF傘型基金之凱基25年期以上美國公債ETF基金,0.15%
AH22,凱基精選美元債券ETF傘型基金之凱基15年期以上美元投資等級精選公司債券ETF基金,0.64%
AH22,凱基精選美元債券ETF傘型基金之凱基20年期以上AAA至AA級大型美元公司債券ETF基金,0.63%
AC21,凱基2025階梯到期新興市場債券基金,0.72%
,(本基金有相當比重投資於非投資等級之高風險債券),
AJ1,凱基臺灣多元收益多重資產基金,1.52%
AJ2,凱基收益成長多重資產基金,2.00%
,(本基金有相當比重投資於非投資等級之高風險債券且配息來源可能為本金),
AC21,凱基2025到期優先順位新興市場債券基金,0.72%
,(本基金有相當比重投資於非投資等級之高風險債券且配息來源可能為本金),
AC21,凱基2026到期新興市場債券基金,1.55%
,(本基金有相當比重投資於非投資等級之高風險債券),
AC23,凱基全球ESG永續高收益債券基金,1.97%
,(本基金主要係投資於非投資等級之高風險債券且配息來源可能為本金),
AC21,凱基新興亞洲永續優選債券基金,1.86%
,(本基金有相當比重投資於非投資等級之高風險債券且配息來源可能為本金),
AJ2,凱基未來世代關鍵收息多重資產基金,2.25%
,(本基金之配息來源可能為本金),
AH22,凱基環球傘型基金之凱基 15 年期以上美元投資級新興市場 ESG 永續債券 ETF 基金,0.88%
AH22,凱基環球傘型基金之凱基 15 年期以上美元 BBB 級 ESG 永續公司債券 ETF 基金,0.38%
AA2,凱基環球趨勢基金,2.00%
AC21,凱基新興市場ESG永續主題債券基金,0.58%
,(本基金有相當比重投資於非投資等級之高風險債券且配息來源可能為本金),
AA1,施羅德台灣樂活中小基金,1.94%
AC23,施羅德中國高收益債券基金,1.77%
,(本基金主要係投資於非投資等級之高風險債券且基金之配息來源可能為本金),
AC21,施羅德六年到期新興市場主權債券基金,0.73%
,(本基金有相當比重投資於非投資等級之高風險債券),
AC21,施羅德2024年到期新興市場主權債券基金,0.73%
,(本基金有相當比重投資於非投資等級之高風險債券),
AC21,施羅德2022到期新興市場主權債券基金,0.74%
,(本基金有相當比重投資於非投資等級之高風險債券且基金之配息來源可能為本金),
AC21,施羅德2022到期新興市場優質主權債券基金,0.74%
,(本基金有相當比重投資於非投資等級之高風險債券且基金之配息來源可能為本金),
AC21,施羅德2024到期新興市場首選主權債券基金,0.73%
,(本基金有相當比重投資於非投資等級之高風險債券且基金之配息來源可能為本金),
AC21,施羅德2022到期新興市場優勢主權債券基金,0.75%
,(本基金有相當比重投資於非投資等級之高風險債券且基金之配息來源可能為本金),
AC21,施羅德2025到期新興市場首選主權債券基金,0.72%
,(本基金有相當比重投資於非投資等級之高風險債券),
AC21,施羅德2025到期新興市場雙盈主權債券基金,0.73%
,(本基金有相當比重投資於非投資等級之高風險債券且基金之配息來源可能為本金),
AC21,施羅德2023到期亞洲新興債券基金,0.73%
,(本基金之主要投資範圍為亞洲及新興市場之國家或地區且有相當比重投資於非投資等級之高風險債券且基金之配息來源可能為本金),
AC21,施羅德2025到期新興市場優質主權債券基金,0.73%
,(本基金有相當比重投資於非投資等級之高風險債券且基金之配息來源可能為本金),
AC21,施羅德2025到期新興市場債券基金,0.72%
,(本基金有相當比重投資於非投資等級之高風險債券且基金之配息來源可能為本金),
AJ2,施羅德全週期成長多重資產基金,1.82%
,(本基金有相當比重投資於非投資等級之高風險債券且基金之配息來源可能為本金),
AJ2,施羅德全週期收益多重資產基金,1.45%
,(本基金有相當比重投資於非投資等級之高風險債券且基金之配息來源可能為本金),
AA1,街口台灣基金,2.57%
AD1,街口平安貨幣市場基金,0.12%
AA1,街口中小型基金,2.53%
AA2,街口全球時尚精品基金,2.32%
AC21,街口六年到期新興市場債券基金,0.73%
,(本基金有相當比重投資於非投資等級之高風險債券且配息來源可能為本金),
AJ2,街口多重資產基金,1.93%
,(本基金有相當比重投資於非投資等級之高風險債券),
AA2,安本標準兩岸價值基金,2.21%
AJ2,安本標準360多重資產收益基金,2.12%
,(本基金配息來源可能為本金),
AC21,安本標準澳洲優選債券收益基金,1.37%
,(本基金有一定比重得投資於非投資等級之高風險債券且配息來源可能為本金),
AC21,安本標準2026年到期新興亞太債券基金,1.78%
,(本基金有相當比重投資於非投資等級之高風險債券且配息來源可能為本金),
AA1,富蘭克林華美第一富基金,3.03%
AE22,富蘭克林華美全球債券組合基金,1.20%
,(本基金之配息來源可能為本金),
AE21,富蘭克林華美坦伯頓全球股票組合基金,1.14%
AA2,富蘭克林華美新世界股票基金,4.08%
AA2,富蘭克林華美中華基金,3.20%
AE21,富蘭克林華美新興趨勢傘型基金之天然資源組合基金,1.46%
AE22,富蘭克林華美新興趨勢傘型基金之積極回報債券組合基金,1.17%
,(本基金有相當比重投資於非投資等級之高風險債券且基金之配息來源可能為本金),
AA2,富蘭克林華美中國消費基金,2.85%
AA1,富蘭克林華美台股傘型基金之高科技基金,3.03%
AC23,富蘭克林華美全球高收益債券基金,2.06%
,(本基金主要係投資於非投資等級之高風險債券且基金之配息來源可能為本金),
AD1,富蘭克林華美貨幣市場基金,0.11%
AC21,富蘭克林華美全球投資級債券基金,1.83%
,(本基金之配息?源可能為本金),
AA2,富蘭克林華美中國傘型基金之中國A股基金,2.91%
AA2,富蘭克林華美全球成長基金,4.55%
AJ2,富蘭克林華美多重資產收益基金,2.21%
,(本基金有相當比重投資於非投資等級之高風險債券且基金之配息來源可能為本金),
AB2,富蘭克林華美亞太平衡基金,2.46%
,(本基金有相當比重投資於非投資等級之高風險債券且基金之配息來源可能為本金),
AA2,富蘭克林華美策略高股息基金,4.16%
,(本基金之配息來源可能為本金),
AE22,富蘭克林華美退休傘型之目標2027組合基金,1.06%
AE21,富蘭克林華美退休傘型之目標2037組合基金,1.37%
AE21,富蘭克林華美退休傘型之目標2047組合基金,1.55%
AA2,富蘭克林華美全球醫療保健基金,3.60%
AA2,富蘭克林華美特別股收益基金,1.83%
,(本基金之配息來源可能為本金),
AC21,富蘭克林華美新興國家固定收益基金,1.98%
,(本基金有相當比重投資於非投資等級之高風險債券且基金之配息來源可能為本金),
AC21,富蘭克林華美六年到期新興市場主權債券基金,0.71%
,(本基金有相當比重投資於非投資等級之高風險債券),
AA2,富蘭克林華美AI新科技基金,3.61%
AA1,台新台灣中小基金,2.47%
AD1,台新大眾貨幣市場基金,0.12%
AD1,台新1699貨幣市場基金,0.09%
AA1,台新2000高科技基金,2.43%
AA1,台新中國通基金,3.10%
AB1,台新高股息平衡基金,2.86%
AG,台新北美收益資產證券化基金,1.75%
,(本基金配息來源可能為本金),
AA1,台新主流基金,2.73%
AA2,台新中國精選中小基金,2.51%
AA2,台新新興傘型基金之台新新興市場機會股票基金,3.97%
AA2,台新印度基金,8.25%
AC23,台新亞澳高收益債券基金,1.85%
,(本基金主要係投資於非投資等級之高風險債券且配息來源可能為本金),
AI2,台新中國傘型基金之台新中証消費服務領先指數基金,1.90%
AG,台新全球不動產入息基金,3.12%
,(本基金有相當比重投資於非投資等級之高風險債券且配息來源可能為本金),
AE23,台新全球多元資產組合基金,1.25%
,(本基金得投資於非投資等級之高風險債券基金且配息來源可能為本金),
AH21,台新MSCI中國基金,2.11%
AA2,台新智慧生活基金,2.41%
AH22,台新摩根大通新興市場投資等級美元債券ETF基金,0.98%
AC23,台新優先順位資產抵押高收益債券基金,1.97%
,(本基金主要係投資於非投資等級之高風險債券且配息來源可能為本金),
AH22,台新息收傘型基金之台新中國政策金融債券5年期以上ETF基金,0.76%
AH22,台新息收傘型基金之台新美元銀行債券15年期以上ETF基金,0.49%
AH21,台新SG全球AI機器人精選ETF基金,1.79%
AC23,台新新興短期高收益債券基金,1.97%
,(本基金主要係投資於非投資等級之高風險債券且配息來源可能為本金),
AC23,台新策略優選總回報高收益債券基金,1.98%
,(本基金主要係投資於非投資等級之高風險債券且配息來源可能為本金),
AC21,台新ESG新興市場債券基金,1.83%
,(本基金有相當比重投資於非投資等級之高風險債券且配息來源可能為本金),
AA2,台新ESG環保愛地球成長基金,1.11%
AA2,台新中國政策趨勢基金,0.75%
AA1,合庫台灣基金,3.95%
AC23,合庫全球高收益債券基金,1.69%
,(本基金主要係投資於非投資等級之高風險債券且基金之配息來源可能為本金),
AA2,合庫全球新興市場基金,2.95%
AE22,合庫新興多重收益基金,1.40%
,(本基金之子基金得投資於非投資等級之高風險債券且配息來源可能為本金),
AD1,合庫貨幣市場基金,0.14%
AE23,合庫多元入息組合基金,1.80%
,(本基金之配息來源可能涉及本金),
AI2,合庫標普利變特別股收益指數基金,1.64%
,(本基金之配息來源可能為本金),
AC21,合庫六年到期新興市場債券基金,0.72%
,(本基金有相當比重投資於非投資等級之高風險債券且基金之配息來源可能為本金),
AA2,合庫AI電動車及車聯網創新基金,2.59%
AC21,合庫六年到期ESG新興市場債券基金,0.72%
,(本基金有相當比重投資於非投資等級之高風險債券且基金之配息來源可能為本金),
AC21,合庫六年到期ESG優先順位新興市場債券基金,0.84%
,(本基金有相當比重投資於非投資等級之高風險債券且基金之配息來源可能為本金),
AC21,合庫2026到期優先順位新興市場企業債券基金,1.72%
,(本基金有相當比重投資於非投資等級之高風險債券且基金之配息來源可能為本金),
AA1,合庫台灣高科技基金,3.50%
AC23,合庫美國短年期高收益債券基金,1.76%
,(本基金主要係投資於非投資等級之高風險債券且基金之配息來源可能為本金),
AC21,合庫2023到期新興市場精選債券基金,1.98%
,(本基金有相當比重投資於非投資等級之高風險債券且基金之配息來源可能為本金),
AJ2,合庫全球醫療照護產業多重資產收益基金,0.94%
,(本基金之配息來源可能為本金),
AE23,合庫樂活安養ESG穩健成長組合基金,0.69%
,(本基金有相當比重投資於高風險非投資等級債券基金且配息來源可能涉及本金),
AE23,合庫樂活安養ESG積極成長組合基金,0.68%
,(本基金有相當比重投資於高風險非投資等級債券基金且配息來源可能涉及本金),
AJ2,合庫環境及社會責任多重資產基金,0.12%
AB1,大華銀多元特別收益平衡基金,1.65%
AC21,大華銀2023年到期先進新興伊斯蘭國家債券基金,1.15%
,(本基金有相當比重投資於非投資等級之高風險債券且配息來源可能為本金),
AC21,大華銀三至五年機動到期新興市場債券基金,0.64%
,(本基金有相當比重投資於非投資等級之高風險債券且配息來源可能為本金),
AC21,大華銀三至六年機動到期先進新興伊斯蘭國家債券基金,1.17%
,(本基金有相當比重投資於非投資等級之高風險債券且配息來源可能為本金),
AC21,大華銀七年到期新興市場債券基金,1.69%
,(本基金有相當比重投資於非投資等級之高風險債券且配息來源可能為本金),
AG,大華銀新加坡房地產收益基金,2.21%
,(本基金有相當比重投資於非投資等級之高風險債券且配息來源可能為本金),
AC21,大華銀四至六年機動到期全球投資等級債券基金,3.16%
,(本子基金有一定比重投資於非投資等級之高風險債券且配息來源可能為本金),
AC21,大華銀四至六年機動到期新興市場優質主權債券基金,3.15%
,(本子基金有相當比重投資於非投資等級之高風險債券且配息來源可能為本金),
AC21,大華銀亞洲ESG債券基金,1.43%
,(本基金有一定比重投資於非投資等級之高風險債券且配息來源可能為本金),
AA1,路博邁AR台灣股票基金,3.03%
,(基金之配息來源可能為本金),
AC23,路博邁全球高收益債券基金,2.04%
,(本基金主要係投資於非投資等級之高風險債券且配息來源可能為本金),
AJ2,路博邁收益成長多重資產基金,2.00%
,(本基金得投資於非投資等級之高風險債券且配息來源可能為本金),
AA2,路博邁5G股票基金,2.58%
AC21,路博邁優質企業債券基金,1.74%
,(本基金有一定比重得投資於非投資等級之高風險債券且配息來源可能為本金),
AC21,路博邁ESG新興市場債券基金,2.09%
,(本基金有相當比重投資於非投資等級之高風險債券且配息來源可能為本金),
AA2,路博邁顛覆式創新股票基金,0.27%